model,flops_per_sample,flops_total_eval,train_time,predict_time,accuracy,model_size
Random Forest,3893,778600,0.7261532089905813,0.007349750027060509,0.915,18.31535053253174
KNN (k=5),4706658,941331600,0.002015667036175728,0.019814750005025417,0.88,11.97885513305664
LinearSVC,15679,3135800,0.4630438340245746,0.00019200000679120421,0.79,0.06048583984375
StandardScaler + LogisticRegression,17276,3455200,0.0653167919954285,0.0004029159899801016,0.845,0.07890129089355469
MaxAbsScaler + SVC,16463,3292600,0.21854354202514514,0.0003227909910492599,0.835,0.0727396011352539
