model,estimate_flops_per_sample,estimate_flops_total_eval,train_time,perf_train_flops,predict_time,perf_predict_flops,accuracy,model_size
Random Forest,3898,779600,1.8697867760000015,585869138,0.04832106399999958,802808,0.92,18.357866287231445
KNN (k=5),4706658,941331600,0.021241806999999113,1568006,0.0744018000000004,633654405,0.88,11.978854179382324
LinearSVC,15679,3135800,1.9890155479999976,3448028067,0.02613551900000033,3304669,0.795,0.06048583984375
StandardScaler + LogisticRegression,17276,3455200,3.1804017830000006,19097595402,0.03089758600000181,3618349,0.845,0.0789194107055664
MaxAbsScaler + SVC,16463,3292600,1.022794454999996,1731054491,0.02402287599999653,3618269,0.835,0.07271385192871094
